x_coord,y_coord
0,2
1,3.732050808
2,4
3,3.732050808
4,2
1,0.2679491924
2,0
3,0.2679491924