x_coord,y_coord
0,2
0.25,2.968245837
0.5,3.322875656
0.75,3.5612495
1,3.732050808
1.25,3.854049622
1.5,3.936491673
1.75,3.984313483
2,4
2.25,3.984313483
2.5,3.936491673
2.75,3.854049622
3,3.732050808
3.25,3.5612495
3.5,3.322875656
3.75,2.968245837
4,2
0.25,1.031754163
0.5,0.6771243445
0.75,0.4387505004
1,0.2679491924
1.25,0.1459503782
1.5,0.0635083269
1.75,0.0156865167
2,0
2.25,0.0156865167
2.5,0.0635083269
2.75,0.1459503782
3,0.2679491924
3.25,0.4387505004
3.5,0.6771243445
3.75,1.031754163